sigma_mrad_per_component,category,photons,q16,q50,q84,q95,truth_ip3d_median_mm
0.5,direct_lb_photons,200,7.124462525260549,18.13553212638791,29.527202469672577,39.86344036577055,0.4211906135878347
0.7,direct_lb_photons,200,6.955023631731186,18.284682306436316,30.29377120340161,39.48526814451733,0.4211906135878347
0.9,direct_lb_photons,200,6.746008053187815,18.159131035241693,31.144694901599987,39.357233972830294,0.4211906135878347
1.1,direct_lb_photons,200,7.075723132026764,18.1969799337634,30.863731374981374,39.652893169397046,0.4211906135878347
1.3,direct_lb_photons,200,7.135723908298811,18.305971389945356,31.40536184347677,40.19236687007019,0.4211906135878347
1.5,direct_lb_photons,200,7.070691989806587,18.197165444792613,31.597458048097444,40.02277069715201,0.4211906135878347
0.5,other_matched_photons,3421,8.72722186649703,19.83090788219563,35.12132000261653,45.092656218066146,0.2830814248465196
0.7,other_matched_photons,3421,8.656844312672568,19.847032875011053,35.26220552990365,45.49255405815322,0.2830814248465196
0.9,other_matched_photons,3421,8.728229586282078,19.966115467214156,35.324692375841536,45.6749477586348,0.2830814248465196
1.1,other_matched_photons,3421,8.831461607992145,20.06029188028216,35.46458019232239,45.70098744557211,0.2830814248465196
1.3,other_matched_photons,3421,8.974876281374177,20.218012534765187,35.75550751005175,45.80383275349249,0.2830814248465196
1.5,other_matched_photons,3421,9.061108740680059,20.340039570054106,36.01087224634123,46.18307211258294,0.2830814248465196
