stage,component,candidate_rows,candidate_bearing_events,peak_candidate_rows,peak_candidate_bearing_events,expected_full_mass_candidates,expected_peak_candidates,expected_peak_mc_95pct_candidate_interval,peak_conditional_retention,peak_cumulative_retention
post_bdt,signal,37802,37802,36900,36900,308700.83482330356,301334.87130257394,"[np.float64(298268.04389348644), np.float64(304425.3759868838)]",,1.0
post_bdt,signal_wrong,203,203,168,168,1657.7501049979,1371.9311213775725,"[np.float64(1172.3148270554045), np.float64(1595.7932775284103)]",,1.0
post_bdt,zbb,528,528,242,242,1201140.692377078,550522.8173394941,"[np.float64(483340.9071973501), np.float64(624430.8805873164)]",,1.0
post_bdt,eta,11125,11123,3120,3118,46839.41056800001,13136.086379520002,"[np.float64(12679.155106147502), np.float64(13605.277182578617)]",,1.0
post_bdt,pi0,11512,11506,5937,5937,206.73668623676977,106.6188070003216,"[np.float64(103.92380185988341), np.float64(109.36601712380141)]",,1.0
post_bdt,zcc,1720,1720,469,469,2484052.7153499816,677337.6299413613,"[np.float64(617415.8738048645), np.float64(741504.3018388133)]",,1.0
post_bdt,zss,4577,4570,1221,1221,8570844.84462744,2286432.500609592,"[np.float64(2159967.817279756), np.float64(2418369.3339852896)]",,1.0
post_bdt_armenteros,signal,29038,29038,28345,28345,237131.7613247735,231472.54544909103,"[np.float64(228785.59513143887), np.float64(234183.17890578645)]",0.7681571815718157,0.7681571815718157
post_bdt_armenteros,signal_wrong,160,160,129,129,1306.6010679786405,1053.4471110577788,"[np.float64(879.5126114379431), np.float64(1251.7123626530672)]",0.7678571428571429,0.7678571428571429
post_bdt_armenteros,zbb,156,156,35,35,354882.4772932276,79621.06862348056,"[np.float64(55458.99161794075), np.float64(110733.6321716141)]",0.1446280991735537,0.1446280991735537
post_bdt_armenteros,eta,8488,8486,2338,2336,35736.89140684801,9843.644216448001,"[np.float64(9448.638717751088), np.float64(10250.920645067294)]",0.7493589743589744,0.7493589743589744
post_bdt_armenteros,pi0,9595,9590,4699,4699,172.31050247062248,84.38635238243408,"[np.float64(81.99062727055053), np.float64(86.83431069671028)]",0.7914771770254337,0.7914771770254337
post_bdt_armenteros,zcc,1040,1040,284,284,1501985.3627697562,410157.5413717411,"[np.float64(363837.4819274971), np.float64(460740.8484282815)]",0.605543710021322,0.605543710021322
post_bdt_armenteros,zss,2952,2948,794,794,5527885.947419751,1486836.5319279411,"[np.float64(1385202.2518296698), np.float64(1593955.451494671)]",0.6502866502866503,0.6502866502866503
post_bdt_armenteros_pi0,signal,28709,28709,28021,28021,234445.06287874244,228826.67828643427,"[np.float64(226155.17324433464), np.float64(231521.86674114)]",0.9885694125948139,0.7593766937669376
post_bdt_armenteros_pi0,signal_wrong,150,150,124,124,1224.9385012299754,1012.6158276834464,"[np.float64(842.2414549377738), np.float64(1207.334616773566)]",0.9612403100775194,0.7380952380952381
post_bdt_armenteros_pi0,zbb,154,154,35,35,350332.70194331446,79621.06862348056,"[np.float64(55458.99161794075), np.float64(110733.6321716141)]",1.0,0.1446280991735537
post_bdt_armenteros_pi0,eta,8443,8441,2324,2322,35547.428622528,9784.700239104,"[np.float64(9390.891213563144), np.float64(10190.780449671713)]",0.9940119760479041,0.7448717948717949
post_bdt_armenteros_pi0,pi0,7375,7372,3650,3650,132.44293441592922,65.54802855839209,"[np.float64(63.43860869920936), np.float64(67.70971603165758)]",0.7767610129814855,0.6147886137780023
post_bdt_armenteros_pi0,zcc,1036,1036,284,284,1496208.4959898726,410157.5413717411,"[np.float64(363837.4819274971), np.float64(460740.8484282815)]",1.0,0.605543710021322
post_bdt_armenteros_pi0,zss,2618,2614,699,699,4902440.85716291,1308940.4733219533,"[np.float64(1213690.8751064872), np.float64(1409678.9491686337)]",0.8803526448362721,0.5724815724815725
post_bdt_armenteros_pi0_eta,signal,24434,24434,23849,23849,199534.31559368814,194757.05543889123,"[np.float64(192293.03974841183), np.float64(197244.7585481264)]",0.8511116662503123,0.6463143631436314
post_bdt_armenteros_pi0_eta,signal_wrong,122,122,103,103,996.2833143337134,841.1244375112498,"[np.float64(686.5530276773382), np.float64(1020.1080043516571)]",0.8306451612903226,0.6130952380952381
post_bdt_armenteros_pi0_eta,zbb,127,127,27,27,288910.7347194866,61421.967223827865,"[np.float64(40477.46343115737), np.float64(89365.7375326403)]",0.7714285714285715,0.1115702479338843
post_bdt_armenteros_pi0_eta,eta,2279,2279,457,457,9595.237454784,1924.0998318720003,"[np.float64(1751.713117450066), np.float64(2108.8640796521536)]",0.19664371772805508,0.14647435897435898
post_bdt_armenteros_pi0_eta,pi0,6505,6503,3321,3321,116.81915774584671,59.6397268061425,"[np.float64(57.62840943803411), np.float64(61.70332580827505)]",0.9098630136986301,0.5593734209196564
post_bdt_armenteros_pi0_eta,zcc,928,928,252,252,1340233.0929330133,363942.6071326717,"[np.float64(320391.15882246464), np.float64(411762.37871481624)]",0.8873239436619719,0.5373134328358209
post_bdt_armenteros_pi0_eta,zss,1968,1965,514,514,3685257.298279834,962511.3065629242,"[np.float64(881089.4890500661), np.float64(1049433.393968529)]",0.7353361945636624,0.42096642096642095
