cos_theta_true_low,cos_theta_true_high,generated_decays,stage1_selected_decays,stage1_efficiency,offline_selected_decays,offline_efficiency,bdt_selected_decays,bdt_efficiency,bdt_efficiency_68pct_low,bdt_efficiency_68pct_high
-1.0,-0.8,9868,5816,0.5893798135387109,5771,0.5848196189704093,3834,0.3885285772192947,0.3836100232858542,0.3934697878116659
-0.8,-0.6,9815,5663,0.5769740193581253,5607,0.571268466632705,3646,0.3714722363728986,0.3665843886933139,0.37638635156322187
-0.6,-0.3999999999999999,10073,5505,0.5465104735431351,5457,0.5417452596048844,3319,0.32949468877196464,0.32480496591686087,0.3342183709148856
-0.3999999999999999,-0.19999999999999996,10031,5476,0.5459076861728641,5429,0.5412222111454491,3026,0.3016648389991028,0.29707772532734916,0.30629163111231267
-0.19999999999999996,0.0,10072,5371,0.5332605242255759,5302,0.5264098490865766,2555,0.25367355043685463,0.24933711206225626,0.2580590955997795
0.0,0.20000000000000018,9895,5304,0.5360282971197574,5251,0.5306720565942395,2162,0.21849418898433554,0.21434129994029485,0.2227042422928073
0.20000000000000018,0.40000000000000013,10190,5548,0.5444553483807655,5494,0.5391560353287537,2047,0.20088321884200197,0.19691669073421567,0.20490874068780598
0.40000000000000013,0.6000000000000001,9925,5305,0.5345088161209068,5264,0.5303778337531486,1851,0.18649874055415616,0.18259212855561918,0.19046886695175805
0.6000000000000001,0.8,10084,5590,0.5543435144783816,5536,0.548988496628322,1936,0.19198730662435542,0.18806808821123644,0.19596792879931219
0.8,1.0,10054,5696,0.5665406803262383,5648,0.5617664611100059,2053,0.20419733439427093,0.2001792819112234,0.20827451654168172
