truth_low,truth_high,generated_decays,offline_selected,old_bdt_arm_selected,new_bdt_arm_selected,new_bdt_arm_eta_selected,offline_efficiency,old_bdt_arm_efficiency,new_bdt_arm_efficiency,new_bdt_arm_eta_efficiency
-1.0,-0.8,9868,5771,4338,3286,2867,0.5848196189704093,0.4396027563842724,0.33299554114308877,0.2905350628293474
-0.8,-0.6,9815,5607,4035,2980,2586,0.571268466632705,0.41110545084055017,0.30361691288843606,0.26347427407030055
-0.6,-0.3999999999999999,10073,5457,3466,2481,2159,0.5417452596048844,0.3440881564578576,0.24630199543333664,0.2143353519309044
-0.3999999999999999,-0.19999999999999996,10031,5429,2833,1842,1634,0.5412222111454491,0.2824244840992922,0.1836307446914565,0.1628950254211943
-0.19999999999999996,0.0,10072,5302,2013,1201,1098,0.5264098490865766,0.19986100079428118,0.11924146147736299,0.10901509134233518
0.0,0.20000000000000018,9895,5251,1474,723,701,0.5306720565942395,0.14896412329459324,0.07306720565942396,0.07084386053562405
0.20000000000000018,0.40000000000000013,10190,5494,1393,630,605,0.5391560353287537,0.136702649656526,0.06182531894013739,0.05937193326790972
0.40000000000000013,0.6000000000000001,9925,5264,1598,679,658,0.5303778337531486,0.16100755667506297,0.06841309823677581,0.06629722921914358
0.6000000000000001,0.8,10084,5536,2238,933,888,0.548988496628322,0.22193573978579928,0.09252280840936136,0.08806029353431179
0.8,1.0,10054,5648,2933,1295,1232,0.5617664611100059,0.2917246866918639,0.12880445593793516,0.12253829321663019
