cos_theta_true_low,cos_theta_true_high,generated_decays,bdt_selected_decays,bdt_efficiency,bdt_armenteros_selected_decays,bdt_armenteros_efficiency,armenteros_conditional_on_bdt
-1.0,-0.8,9868,3834,0.3885285772192947,3779,0.3829550060802594,0.9856546687532604
-0.8,-0.6,9815,3646,0.3714722363728986,3507,0.35731023942944473,0.9618760285244103
-0.6,-0.3999999999999999,10073,3319,0.32949468877196464,2921,0.28998312320063535,0.8800843627598675
-0.3999999999999999,-0.19999999999999996,10031,3026,0.3016648389991028,2308,0.23008673113348618,0.7627230667547918
-0.19999999999999996,0.0,10072,2555,0.25367355043685463,1568,0.1556791104050834,0.6136986301369863
0.0,0.20000000000000018,9895,2162,0.21849418898433554,1001,0.1011622031328954,0.4629972247918594
0.20000000000000018,0.40000000000000013,10190,2047,0.20088321884200197,897,0.08802747791952895,0.43820224719101125
0.40000000000000013,0.6000000000000001,9925,1851,0.18649874055415616,975,0.0982367758186398,0.526742301458671
0.6000000000000001,0.8,10084,1936,0.19198730662435542,1368,0.13566045220150733,0.7066115702479339
0.8,1.0,10054,2053,0.20419733439427093,1825,0.1815197931171673,0.8889430102289333
