stage,variable,threshold,inclusive_S,inclusive_B,inclusive_purity,inclusive_S_over_sqrt_S_plus_B,signal_raw,signal_wrong_raw,zbb_raw,eta_raw,pi0_raw,zcc_raw,zss_raw,signal_expected,signal_wrong_expected,zbb_expected,eta_expected,pi0_expected,zcc_expected,zss_expected
post_bdt,abs_lambda_d0_sig,0,301334.87130257394,3514292.9478904475,0.07897386369467874,154.26463967060965,36900,168,242,3120,5937,469,1221,301334.87130257394,1371.9311213775725,550522.8173394941,13136.086379520002,106.6188070003216,677337.6299413613,2286432.500609592
post_bdt,abs_lambda_d0_sig,1,275774.4879102418,2678419.9253434176,0.09335014874884698,160.44808963511585,33770,150,227,2839,5518,356,880,275774.4879102418,1224.9385012299754,516399.5022151454,11952.996548544,99.09425248909795,514141.14340964734,1647879.279718625
post_bdt,abs_lambda_d0_sig,2,252337.33125337493,1995873.0523315575,0.1122391983845413,168.29182922047423,30900,139,208,2600,5127,266,608,252337.33125337493,1135.1096778064439,473176.6363909702,10946.738649600002,92.07253216955513,384161.64086226455,1138534.7750783227
post_bdt,abs_lambda_d0_sig,3,231105.06389872203,1516679.5846601562,0.13222742520897976,174.80968952573755,28300,129,189,2382,4742,204,423,231105.06389872203,1053.4471110577788,429953.770566795,10028.896716672001,85.15856203394391,294620.20577406755,792105.6083192936
post_bdt,abs_lambda_d0_sig,4,212575.82750344992,1218279.1277596755,0.14856560179040545,177.71172088284854,26031,119,180,2184,4410,149,317,212575.82750344992,971.7845443091138,409479.7814921857,9195.260465664001,79.19638518972852,215188.287550667,593611.0587168229
post_bdt,abs_lambda_d0_sig,5,196610.79570408593,1046296.7859773751,0.15818617458113984,176.3550669920866,24076,111,171,1995,4111,118,260,196610.79570408593,906.4544909101818,389005.7924175765,8399.51677152,73.82683435713695,170417.57000656848,486873.4235532301
post_bdt,abs_lambda_d0_sig,6,182025.86128277433,925247.362920329,0.16439109815355382,172.98390453629412,22290,102,166,1834,3839,103,213,182025.86128277433,832.9581808363832,377631.3540427935,7721.661032064001,68.9421593522376,148754.3195820047,398861.68929553084
post_bdt,abs_lambda_d0_sig,8,159070.5137697246,758633.7131991625,0.1733352741494102,166.04978504461468,19479,87,152,1601,3401,81,158,159070.5137697246,710.4643307133857,345782.9265934013,6740.664837696001,61.07639592523054,116981.55229264447,295869.23431311676
post_bdt,abs_lambda_d0_sig,10,140418.7835243295,644611.6825226133,0.17887048923262147,158.48273251823488,17195,75,138,1409,3091,63,128,140418.7835243295,612.4692506149877,313934.4991440091,5932.290291264001,55.50930308876436,90985.65178316792,239691.53159543636
post_bdt,abs_lambda_d0_sig,12,125744.0202795944,567853.0458447104,0.18129260693420934,150.984970254909,15398,66,127,1230,2793,57,105,125744.0202795944,538.9729405411892,288910.7347194866,5178.64943808,50.157710620161396,82320.35161334241,196621.9595118814
post_bdt,abs_lambda_d0_sig,15,107541.43415131698,487797.801058116,0.18063891608535632,139.37778911777377,13169,57,111,1025,2464,54,84,107541.43415131698,465.4766304673907,252512.5319201812,4315.5411984,44.249408867911804,77987.70152842965,157297.56760950512
post_bdt,abs_lambda_d0_sig,20,86219.33797324053,415337.2198788837,0.17190352039751597,121.74320401543272,10558,46,91,810,2055,47,75,86219.33797324053,375.64780704385913,207014.77842104947,3410.3301177600006,36.904437996574174,67878.18466363322,140444.256794201
post_bdt,abs_lambda_d0_sig,30,60177.14543709126,325059.6362074971,0.15620820312170886,96.95444166061588,7369,34,69,545,1527,36,62,60177.14543709126,277.6527269454611,156967.24957200454,2294.6048323200002,27.42242181059307,51991.8010189531,116100.5856165395
post_bdt,lambda_flight_xyz_sig,0,301334.87130257394,3514292.9478904475,0.07897386369467874,154.26463967060965,36900,168,242,3120,5937,469,1221,301334.87130257394,1371.9311213775725,550522.8173394941,13136.086379520002,106.6188070003216,677337.6299413613,2286432.500609592
post_bdt,lambda_flight_xyz_sig,50,286954.09329813404,3430182.848681434,0.07719761143513752,148.83605273639702,35139,161,236,3026,5764,463,1188,286954.09329813404,1314.7673246535069,536873.4912897546,12740.319674496002,103.5120100302937,668672.3297715357,2224637.0276201437
post_bdt,lambda_flight_xyz_sig,100,255432.34253314935,3123854.545394821,0.0755876464486178,138.95153687145003,31279,138,225,2731,5193,429,1064,255432.34253314935,1126.9434211315775,511849.72686523217,11498.285866176002,93.25778419280276,619568.9621425244,1992435.8563870648
post_bdt,lambda_flight_xyz_sig,150,224449.56470870582,2773837.2471752856,0.07485927090733244,129.62303332958172,27485,117,211,2437,4587,398,918,224449.56470870582,955.4520309593809,480001.29941583995,10260.462341952001,82.37501561571082,574798.2445984259,1719037.70316102
post_bdt,lambda_flight_xyz_sig,200,197705.07409851803,2479303.2368840836,0.07385299227029667,120.83505827861501,24210,105,195,2164,4096,358,811,197705.07409851803,857.4569508609828,443603.0966165346,9111.054783744,73.55745889730794,517029.57679958915,1518670.56346796
post_bdt,lambda_flight_xyz_sig,300,157004.45083098338,2019336.3938135656,0.07214148060370854,106.42618824480796,19226,81,169,1698,3333,297,644,157004.45083098338,661.4667906641868,384456.0170676633,7149.062395008001,59.855227174005705,428932.35840636306,1205948.0183395392
post_bdt,lambda_flight_xyz_sig,500,103548.13463730726,1373615.9482628552,0.07009927728137552,85.1977077268503,12680,53,120,1137,2237,224,415,103548.13463730726,432.8116037679247,272986.5209947905,4787.093017152,40.172860242499475,323504.53967348597,777124.8875945788
post_bdt_armenteros_pi0_eta,abs_lambda_d0_sig,0,194757.05543889123,1387875.8809194237,0.12305889190391359,154.8114576921845,23849,103,27,457,3321,252,514,194757.05543889123,841.1244375112498,61421.967223827865,1924.0998318720003,59.6397268061425,363942.6071326717,962511.3065629242
post_bdt_armenteros_pi0_eta,abs_lambda_d0_sig,1,178645.03101937962,1032183.4518912878,0.14753950170542832,162.3490032576426,21876,95,26,420,3115,194,370,178645.03101937962,775.7943841123177,59147.079548871276,1768.3193203200003,55.940303824490776,280178.0388243584,692858.3335180582
post_bdt_armenteros_pi0_eta,abs_lambda_d0_sig,2,163602.7862242755,774342.9970981451,0.1744266983585732,168.92807298777737,20034,87,25,390,2938,148,269,163602.7862242755,710.4643307133857,56872.191873914686,1642.0107974400003,52.76167339850848,213744.07085569607,503726.73436853423
post_bdt_armenteros_pi0_eta,abs_lambda_d0_sig,3,150218.29153416932,594210.4747503819,0.20179001448843759,174.10500057467726,18395,82,23,358,2738,112,203,150218.29153416932,669.6330473390533,52322.41652400151,1507.2817063680002,49.17000060078836,161752.26983674298,380135.78838963737
post_bdt_armenteros_pi0_eta,abs_lambda_d0_sig,4,138360.88684226316,464316.4563385259,0.22957705048613072,178.22593611450628,16943,75,23,332,2563,83,156,138360.88684226316,612.4692506149877,52322.41652400151,1397.8143198720002,46.02728690278326,119869.98568258631,292124.0541319381
post_bdt_armenteros_pi0_eta,abs_lambda_d0_sig,5,128095.90220195596,385940.18491505,0.24919632183877882,178.6645674758914,15686,71,21,310,2416,63,132,128095.90220195596,579.8042239155217,47772.641174088334,1305.1880697600002,43.38740739645898,90985.65178316792,247181.89195779373
post_bdt_armenteros_pi0_eta,abs_lambda_d0_sig,6,118868.03215935682,334231.38847292075,0.26234425988336607,176.59089988059583,14556,66,20,292,2284,56,111,118868.03215935682,538.9729405411892,45497.75349913175,1229.4029560320002,41.016903349963705,80876.13491837149,207857.50005541748
post_bdt_armenteros_pi0_eta,abs_lambda_d0_sig,8,104078.94132117358,263874.9185586515,0.2828586751479278,171.57981073805297,12745,58,16,272,2054,46,86,104078.94132117358,473.64288714225717,36398.2027993054,1145.197274112,36.88647963258557,66433.9679686623,161042.74779068382
post_bdt_armenteros_pi0_eta,abs_lambda_d0_sig,10,91796.89128217436,218666.71499077824,0.2956768182402307,164.74893850540488,11241,51,14,246,1897,36,72,91796.89128217436,416.4790904181916,31848.427449392224,1035.729887616,34.06701648637528,51991.8010189531,134826.48652243294
post_bdt_armenteros_pi0_eta,abs_lambda_d0_sig,12,82520.023699526,196247.7855262085,0.29601704704973575,156.2924621919045,10105,48,12,224,1722,34,64,82520.023699526,391.98032039359214,27298.652099479048,943.1036375040001,30.924302788370184,49103.36762901126,119845.76579771818
post_bdt_armenteros_pi0_eta,abs_lambda_d0_sig,15,70613.62146757064,165910.12230366288,0.2985477074803464,145.19481673265128,8647,40,10,195,1536,33,51,70613.62146757064,326.6502669946601,22748.876749565876,821.0053987200001,27.58404708649048,47659.15093404034,95502.09462005667
post_bdt_armenteros_pi0_eta,abs_lambda_d0_sig,20,56837.14645707086,145178.61061031563,0.28135006537193863,126.45605905314041,6960,33,9,152,1303,28,45,56837.14645707086,269.4864702705946,20473.989074609286,639.9631825920001,23.399748277146543,40438.067459185746,84266.5540765206
post_bdt_armenteros_pi0_eta,abs_lambda_d0_sig,30,39451.18599628007,122574.50882637902,0.24348721997125403,98.00948731017371,4831,22,8,106,981,23,38,39451.18599628007,179.65764684706306,18199.1013996527,446.29011417600003,17.61715507281716,33216.98398433115,71158.42344239517
post_bdt_armenteros_pi0_eta,lambda_flight_xyz_sig,0,194757.05543889123,1387875.8809194237,0.12305889190391359,154.8114576921845,23849,103,27,457,3321,252,514,194757.05543889123,841.1244375112498,61421.967223827865,1924.0998318720003,59.6397268061425,363942.6071326717,962511.3065629242
post_bdt_armenteros_pi0_eta,lambda_flight_xyz_sig,50,183618.2813343733,1329125.296187424,0.12138096903057419,149.290873532493,22485,97,21,451,3237,248,493,183618.2813343733,792.1268974620508,47772.641174088334,1898.8381272960003,58.13122423110005,358165.740352788,923186.9146605479
post_bdt_armenteros_pi0_eta,lambda_flight_xyz_sig,100,161054.91414171716,1198157.405719331,0.11849135840541951,138.1434600497623,19722,85,19,422,2959,224,444,161054.91414171716,694.1318173636528,43222.86582417516,1776.7398885120003,53.13879904226909,323504.53967348597,831430.0002216699
post_bdt_armenteros_pi0_eta,lambda_flight_xyz_sig,150,139504.16277674446,1053786.0319183585,0.11690715585942538,127.70683184849398,17083,72,18,381,2630,206,382,139504.16277674446,587.9704805903882,40947.97814921857,1604.1182405760003,47.2304972900195,297508.6391640094,715329.4146051304
post_bdt_armenteros_pi0_eta,lambda_flight_xyz_sig,200,121358.7404451911,924505.5592214877,0.11603679414611305,118.66793662514826,14861,64,17,338,2359,179,335,121358.7404451911,522.6404271914562,38673.09047426199,1423.0760244480002,42.36378064910875,258514.78839979458,627317.6803474311
post_bdt_armenteros_pi0_eta,lambda_flight_xyz_sig,300,94214.10325793484,735516.6872501498,0.1135477968706488,103.43018833533233,11537,48,12,269,1933,139,271,94214.10325793484,391.98032039359214,27298.652099479048,1132.5664218240001,34.7135175899649,200746.1206009578,507471.9145497129
post_bdt_armenteros_pi0_eta,lambda_flight_xyz_sig,500,60315.97180056399,496503.2011141312,0.1083223687949488,80.83049512162117,7386,28,9,183,1313,104,174,60315.97180056399,228.65518689626208,20473.989074609286,770.4819895680001,23.57933191703255,150198.53627697562,325830.6757625463
